{"mem": 1.239419937133789, "ellipse_time": 1886.412683725357, "num_GS": 835985}