{"mem": 0.5942702293395996, "ellipse_time": 911.5610899925232, "num_GS": 391237}